<?xml version="1.0" encoding="UTF-8"?>
<clinic:clinicType xmlns:cids="http://www.w3.org/2001/schema/clinic/clinicIds"
 xmlns:trmt="http://www.w3.org/2001/schema/clinic/treatment"
 xmlns:pat="http://www.w3.org/2001/schemas/clinic/patient"
 xmlns:prov="http://www.w3.org/2001/schemas/clinic/provider"
 xmlns:clinic="http://www.w3.org/2001/schemas/clinic"
 xmlns:xsi="http://www.w3.org/2001/XMLSchema-instance"
 xsi:schemaLocation="http://www.w3.org/2001/schemas/clinic file:/C:/Users/rupal_000/OneDrive/Documents/Clinic.xsd">
    <clinic:patient>
        <pat:patient-id>-1073741773</pat:patient-id>
        <pat:name>name0</pat:name>
        <pat:dob>2006-05-04</pat:dob>
        <pat:Treatments>
            <pat:treatment xsi:type="trmt:SurgeryType">
                <trmt:Provider-id>-1073741773</trmt:Provider-id>
                <trmt:diagnosis>diagnosis0</trmt:diagnosis>
                <trmt:date>2006-05-04</trmt:date>
            </pat:treatment>
            <pat:treatment xsi:type="trmt:SurgeryType">
                <trmt:Provider-id>-1073741773</trmt:Provider-id>
                <trmt:diagnosis>diagnosis1</trmt:diagnosis>
                <trmt:date>2006-05-04</trmt:date>
            </pat:treatment>
        </pat:Treatments>
    </clinic:patient>
    <clinic:patient>
        <pat:patient-id>-1073741773</pat:patient-id>
        <pat:name>name1</pat:name>
        <pat:dob>2006-05-04</pat:dob>
        <pat:Treatments>
            <pat:treatment xsi:type="trmt:SurgeryType">
                <trmt:Provider-id>-1073741773</trmt:Provider-id>
                <trmt:diagnosis>diagnosis2</trmt:diagnosis>
                <trmt:date>2006-05-04</trmt:date>
            </pat:treatment>
            <pat:treatment xsi:type="trmt:SurgeryType">
                <trmt:Provider-id>-1073741773</trmt:Provider-id>
                <trmt:diagnosis>diagnosis3</trmt:diagnosis>
                <trmt:date>2006-05-04</trmt:date>
            </pat:treatment>
        </pat:Treatments>
    </clinic:patient>
    <clinic:provider>
        <pat:patient-id>-1073741773</pat:patient-id>
        <pat:name>name2</pat:name>
        <pat:dob>2006-05-04</pat:dob>
        <pat:Treatments>
            <pat:treatment xsi:type="trmt:SurgeryType">
                <trmt:Provider-id>-1073741773</trmt:Provider-id>
                <trmt:diagnosis>diagnosis4</trmt:diagnosis>
                <trmt:date>2006-05-04</trmt:date>
            </pat:treatment>
            <pat:treatment xsi:type="trmt:SurgeryType">
                <trmt:Provider-id>-1073741773</trmt:Provider-id>
                <trmt:diagnosis>diagnosis5</trmt:diagnosis>
                <trmt:date>2006-05-04</trmt:date>
            </pat:treatment>
        </pat:Treatments>
    </clinic:provider>
    <clinic:provider>
        <pat:patient-id>-1073741773</pat:patient-id>
        <pat:name>name3</pat:name>
        <pat:dob>2006-05-04</pat:dob>
        <pat:Treatments>
            <pat:treatment xsi:type="trmt:SurgeryType">
                <trmt:Provider-id>-1073741773</trmt:Provider-id>
                <trmt:diagnosis>diagnosis6</trmt:diagnosis>
                <trmt:date>2006-05-04</trmt:date>
            </pat:treatment>
            <pat:treatment xsi:type="trmt:SurgeryType">
                <trmt:Provider-id>-1073741773</trmt:Provider-id>
                <trmt:diagnosis>diagnosis7</trmt:diagnosis>
                <trmt:date>2006-05-04</trmt:date>
            </pat:treatment>
        </pat:Treatments>
    </clinic:provider>
</clinic:clinicType>
