<?xml version="1.0" encoding="UTF-8"?>
<clinic:clinicType
    xmlns:cids="http://www.w3.org/2001/schema/clinic/clinicIds"
 xmlns:trmt="http://www.w3.org/2001/schema/clinic/treatment"
 xmlns:pat="http://www.w3.org/2001/schemas/clinic/patient"
 xmlns:prov="http://www.w3.org/2001/schemas/clinic/provider"
 xmlns:clinic="http://www.w3.org/2001/schemas/clinic"
 xmlns:xsi="http://www.w3.org/2001/XMLSchema-instance"
 xsi:schemaLocation="http://www.w3.org/2001/schemas/clinic file:/C:/Users/rupal_000/OneDrive/Documents/Clinic.xsd">
    
        <clinic:patient>
            <pat:patient-id>-12345678</pat:patient-id>
            <pat:name>Carrie Fisher</pat:name>
            <pat:dob>1995-03-21</pat:dob>
            <pat:Treatments>
                <pat:treatment>
                    <trmt:Provider-id>78653299</trmt:Provider-id>
                    <trmt:diagnosis>migraine</trmt:diagnosis>
                    <trmt:drug-treatment>
                        <trmt:name>relpax</trmt:name>
                        <trmt:dosage>35.0</trmt:dosage>
                    </trmt:drug-treatment>
                </pat:treatment>
            </pat:Treatments>
        </clinic:patient>
        <clinic:patient>
            <pat:patient-id>45239865</pat:patient-id>
            <pat:name>Harrison Ford</pat:name>
            <pat:dob>1990-05-09</pat:dob>
            <pat:Treatments>
                <pat:treatment>
                    <trmt:Provider-id>67432609</trmt:Provider-id>
                    <trmt:diagnosis>hiv/aids</trmt:diagnosis>
                    <trmt:drug-treatment>
                        <trmt:name>art</trmt:name>
                        <trmt:dosage>78.0</trmt:dosage>
                    </trmt:drug-treatment>
                </pat:treatment>
                <pat:treatment>
                    <trmt:Provider-id>23409678</trmt:Provider-id>
                    <trmt:diagnosis>cancer</trmt:diagnosis>
                    <trmt:radiology>
                        <trmt:date>2012-03-01</trmt:date>
                        <trmt:date>2012-04-09</trmt:date>
                        <trmt:date>2012-08-07</trmt:date>
                    </trmt:radiology>
                </pat:treatment>
            </pat:Treatments></clinic:patient>
        <clinic:patient>
            <pat:patient-id>65432987</pat:patient-id>
            <pat:name>Mark Hamill</pat:name>
            <pat:dob>1993-02-14</pat:dob>
            <pat:Treatments>
                <pat:treatment>
                    <trmt:Provider-id>67432609</trmt:Provider-id>
                    <trmt:diagnosis>migraine</trmt:diagnosis>
                    <trmt:drug-treatment>
                        <trmt:name>relpax</trmt:name>
                        <trmt:dosage>15.0</trmt:dosage>
                    </trmt:drug-treatment>
                </pat:treatment>
            </pat:Treatments>
        </clinic:patient>
        <clinic:patient>
            <pat:patient-id>45671234</pat:patient-id>
            <pat:name>David Prowse</pat:name>
            <pat:dob>1989-10-31</pat:dob>
            <pat:Treatments>
                <pat:treatment>
                    <trmt:Provider-id>78653299</trmt:Provider-id>
                    <trmt:diagnosis>apprendicitis</trmt:diagnosis>
                    <trmt:surgery>
                        <trmt:date>2012-06-15</trmt:date>
                    </trmt:surgery>
                </pat:treatment>
            </pat:Treatments>
        </clinic:patient>
        
 <clinic:provider>
     <prov:Provider-id>78653299</prov:Provider-id>
     <prov:name>Irving Kershner</prov:name>
     <prov:specialization>Surgery</prov:specialization>
 </clinic:provider>
    <clinic:provider>
        <prov:Provider-id>67432609</prov:Provider-id>
        <prov:name>Gary Kurthz</prov:name>
        <prov:specialization>oncolony</prov:specialization>
    </clinic:provider>
    <clinic:provider>
        <prov:Provider-id>23409678</prov:Provider-id>
        <prov:name>George Lucas</prov:name>
        <prov:specialization>Radiology</prov:specialization>
    </clinic:provider>
    
</clinic:clinicType>
