<?xml version="1.0" encoding="UTF-8"?>
<clin:clinicType xmlns:clin="http://www.w3.org/2001/schemas/clinic"
    xmlns:xsi="http://www.w3.org/2001/XMLSchema-instance"
    xsi:schemaLocation="http://www.w3.org/2001/schemas/clinic Clinic.xsd">
    <clin:patient>
        <patient-id xmlns="http://www.w3.org/2001/schemas/clinic/patient"></patient-id>
        <name xmlns="http://www.w3.org/2001/schemas/clinic/patient"></name>
        <dob xmlns="http://www.w3.org/2001/schemas/clinic/patient"></dob>
        <Treatments xmlns="http://www.w3.org/2001/schemas/clinic/patient"></Treatments>
    </clin:patient>
    <clin:provider>
        <Provider-id xmlns="http://www.w3.org/2001/schemas/clinic/provider"></Provider-id>
        <name xmlns="http://www.w3.org/2001/schemas/clinic/provider"></name>
        <specialization xmlns="http://www.w3.org/2001/schemas/clinic/provider"></specialization>
    </clin:provider>
</clin:clinicType>